run,continuum,line_set,mk_class,n_test,baseline_acc,masked_acc_mean,delta_acc_mean,delta_acc_ci_low,delta_acc_ci_high,p_value_vs_random,n_bins_masked,total_width_aa,n_flip_lost,n_flip_gained,mcnemar_exact_p,mean_delta_true_prob,flip_rate_upper95,n_random_controls_succeeded,null_mode,match_on,fill_mode
production__gp_interp,production,H_balmer,F,81,0.8395061728395061,0.0,-0.8395061728395061,-0.9146341681480408,-0.7611940503120422,0.0001999600079984003,29,80.0,68,0,6.776263578034403e-21,-0.8012827946594133,0.9023740910771069,5000,class_matched,bins,gp_interp
production__gp_interp,production,H_balmer,G,230,0.9652173913043478,0.04782608695652174,-0.9173913043478261,-0.9521743059158325,-0.8818365931510925,0.0001999600079984003,29,80.0,211,0,6.077163357286271e-64,-0.7925632412113931,0.9452304685109829,5000,class_matched,bins,gp_interp
production__gp_interp,production,H_balmer,K,145,0.9379310344827586,0.993103448275862,0.05517241379310345,0.02142477221786976,0.09494423866271973,1.0,29,80.0,0,8,0.0078125,0.05497071951701429,0.02044826240227699,5000,class_matched,bins,gp_interp
production__gp_interp,production,Mg_b,F,81,0.8395061728395061,0.9382716049382716,0.09876543209876543,0.03947368264198303,0.1666666716337204,1.0,8,21.0,0,8,0.0078125,0.07825269008309395,0.03630878209190426,5000,class_matched,bins,gp_interp
production__gp_interp,production,Mg_b,G,230,0.9652173913043478,0.7086956521739131,-0.25652173913043474,-0.3177579939365387,-0.20258353650569916,0.0001999600079984003,8,21.0,59,0,3.469446951953614e-18,-0.2609693329329024,0.3082633415327843,5000,class_matched,bins,gp_interp
production__gp_interp,production,Mg_b,K,145,0.9379310344827586,0.9517241379310345,0.01379310344827589,-0.01342281885445118,0.04196542873978615,0.9938012397520496,8,21.0,1,3,0.625,0.015495403049241007,0.03229696379917888,5000,class_matched,bins,gp_interp
production__gp_interp,production,Na_D,F,81,0.8395061728395061,0.8395061728395061,0.0,0.0,0.0,1.0,4,11.0,0,0,1.0,0.0016375384497888524,0.03630878209190426,5000,class_matched,bins,gp_interp
production__gp_interp,production,Na_D,G,230,0.9652173913043478,0.9695652173913043,0.004347826086956497,0.0,0.013761468231678009,0.9944011197760448,4,11.0,0,1,1.0,0.0009049492052763633,0.012940465700466402,5000,class_matched,bins,gp_interp
production__gp_interp,production,Na_D,K,145,0.9379310344827586,0.9310344827586207,-0.006896551724137945,-0.022914182394742966,0.0,0.0013997200559888023,4,11.0,1,0,1.0,-0.0032890110908111807,0.03229696379917888,5000,class_matched,bins,gp_interp
production__gp_interp,production,Ca_I,F,81,0.8395061728395061,0.8395061728395061,0.0,0.0,0.0,1.0,2,8.0,0,0,1.0,0.00020714901449226777,0.03630878209190426,5000,class_matched,bins,gp_interp
production__gp_interp,production,Ca_I,G,230,0.9652173913043478,0.9652173913043478,0.0,0.0,0.0,0.9742051589682064,2,8.0,0,0,1.0,-2.3969654513948607e-05,0.012940465700466402,5000,class_matched,bins,gp_interp
production__gp_interp,production,Ca_I,K,145,0.9379310344827586,0.9379310344827586,0.0,0.0,0.0,0.9994001199760048,2,8.0,0,0,1.0,-0.000215775034727318,0.02044826240227699,5000,class_matched,bins,gp_interp
production__gp_interp,production,Fe_Cr,F,81,0.8395061728395061,0.8518518518518519,0.012345679012345734,0.0,0.04054053872823715,1.0,13,34.0,0,1,1.0,0.009346556971894208,0.03630878209190426,5000,class_matched,bins,gp_interp
production__gp_interp,production,Fe_Cr,G,230,0.9652173913043478,0.9565217391304348,-0.008695652173912993,-0.02740040235221386,0.008438818156719208,0.2615476904619076,13,34.0,3,1,0.625,-0.005739500205827303,0.0333645907433757,5000,class_matched,bins,gp_interp
production__gp_interp,production,Fe_Cr,K,145,0.9379310344827586,0.9172413793103448,-0.020689655172413834,-0.046666666865348816,0.0,0.0001999600079984003,13,34.0,3,0,0.25,-0.016387766916928587,0.052602600348407164,5000,class_matched,bins,gp_interp
production__constant,production,H_balmer,F,81,0.8395061728395061,0.0,-0.8395061728395061,-0.9146341681480408,-0.7611940503120422,0.0001999600079984003,29,80.0,68,0,6.776263578034403e-21,-0.796284024046698,0.9023740910771069,5000,class_matched,bins,constant
production__constant,production,H_balmer,G,230,0.9652173913043478,0.5782608695652174,-0.3869565217391304,-0.45652422308921814,-0.31512463092803955,0.0001999600079984003,29,80.0,93,4,4.5653387447282835e-23,-0.35839232747275906,0.4604493116840228,5000,class_matched,bins,constant
production__constant,production,H_balmer,K,145,0.9379310344827586,0.9655172413793104,0.02758620689655178,-0.013888888992369175,0.07086868584156036,1.0,29,80.0,3,7,0.34375,0.007807744703642397,0.052602600348407164,5000,class_matched,bins,constant
production__constant,production,Mg_b,F,81,0.8395061728395061,0.9382716049382716,0.09876543209876543,0.03947368264198303,0.1666666716337204,1.0,8,21.0,0,8,0.0078125,0.08356498578557515,0.03630878209190426,5000,class_matched,bins,constant
production__constant,production,Mg_b,G,230,0.9652173913043478,0.7521739130434782,-0.21304347826086956,-0.2705366611480713,-0.16128697991371155,0.0001999600079984003,8,21.0,50,1,4.618527782440651e-14,-0.24367772030411136,0.26691940540691533,5000,class_matched,bins,constant
production__constant,production,Mg_b,K,145,0.9379310344827586,0.9379310344827586,0.0,-0.020134227350354195,0.02054794505238533,0.981003799240152,8,21.0,1,1,1.0,-0.003959366719813337,0.03229696379917888,5000,class_matched,bins,constant
production__constant,production,Na_D,F,81,0.8395061728395061,0.8395061728395061,0.0,0.0,0.0,1.0,4,11.0,0,0,1.0,0.00035997553056959765,0.03630878209190426,5000,class_matched,bins,constant
production__constant,production,Na_D,G,230,0.9652173913043478,0.9695652173913043,0.004347826086956497,0.0,0.013761468231678009,0.9834033193361328,4,11.0,0,1,1.0,0.0011416070058702782,0.012940465700466402,5000,class_matched,bins,constant
production__constant,production,Na_D,K,145,0.9379310344827586,0.9310344827586207,-0.006896551724137945,-0.022914182394742966,0.0,0.002999400119976005,4,11.0,1,0,1.0,-0.003571863741623296,0.03229696379917888,5000,class_matched,bins,constant
production__constant,production,Ca_I,F,81,0.8395061728395061,0.8395061728395061,0.0,0.0,0.0,1.0,2,8.0,0,0,1.0,0.00022048314234739125,0.03630878209190426,5000,class_matched,bins,constant
production__constant,production,Ca_I,G,230,0.9652173913043478,0.9652173913043478,0.0,0.0,0.0,0.8790241951609679,2,8.0,0,0,1.0,-0.00013620248106817781,0.012940465700466402,5000,class_matched,bins,constant
production__constant,production,Ca_I,K,145,0.9379310344827586,0.9379310344827586,0.0,0.0,0.0,0.9986002799440112,2,8.0,0,0,1.0,-0.000217152319808365,0.02044826240227699,5000,class_matched,bins,constant
production__constant,production,Fe_Cr,F,81,0.8395061728395061,0.8518518518518519,0.012345679012345734,0.0,0.04054053872823715,1.0,13,34.0,0,1,1.0,0.01619948184191711,0.03630878209190426,5000,class_matched,bins,constant
production__constant,production,Fe_Cr,G,230,0.9652173913043478,0.9739130434782609,0.008695652173913104,-0.008733624592423439,0.02655162289738655,0.9972005598880224,13,34.0,1,3,0.625,0.0010608298987258246,0.020458388646288468,5000,class_matched,bins,constant
production__constant,production,Fe_Cr,K,145,0.9379310344827586,0.9172413793103448,-0.020689655172413834,-0.046666666865348816,0.0,0.0001999600079984003,13,34.0,3,0,0.25,-0.03259127559750264,0.052602600348407164,5000,class_matched,bins,constant
polynomial_n5__gp_interp,polynomial_n5,H_balmer,F,81,0.7283950617283951,0.0,-0.7283950617283951,-0.8243243098258972,-0.6285238265991211,0.0001999600079984003,29,80.0,59,0,3.469446951953614e-18,-0.43659943977671756,0.8084099401258875,5000,class_matched,bins,gp_interp
polynomial_n5__gp_interp,polynomial_n5,H_balmer,G,230,0.14782608695652175,0.0,-0.14782608695652175,-0.19522501528263092,-0.1041666641831398,0.0001999600079984003,29,80.0,34,0,1.1641532182693481e-10,-0.16240836717732615,0.19188933252521254,5000,class_matched,bins,gp_interp
polynomial_n5__gp_interp,polynomial_n5,H_balmer,K,145,0.9241379310344827,1.0,0.07586206896551728,0.03471623733639717,0.11764705926179886,1.0,29,80.0,0,11,0.0009765625,0.08587502141137239,0.02044826240227699,5000,class_matched,bins,gp_interp
polynomial_n5__gp_interp,polynomial_n5,Mg_b,F,81,0.7283950617283951,0.7283950617283951,0.0,-0.0394868403673172,0.03530462458729744,0.9374125174965007,8,21.0,1,1,1.0,-0.009096497704755131,0.05722999982329168,5000,class_matched,bins,gp_interp
polynomial_n5__gp_interp,polynomial_n5,Mg_b,G,230,0.14782608695652175,0.1,-0.04782608695652174,-0.08017877489328384,-0.01680322177708149,0.0001999600079984003,8,21.0,13,2,0.00738525390625,-0.038006396325478094,0.08836228532191794,5000,class_matched,bins,gp_interp
polynomial_n5__gp_interp,polynomial_n5,Mg_b,K,145,0.9241379310344827,0.9103448275862069,-0.013793103448275779,-0.0408233143389225,0.013251745142042637,0.015196960607878424,8,21.0,3,1,0.625,-0.026804225690291332,0.052602600348407164,5000,class_matched,bins,gp_interp
polynomial_n5__gp_interp,polynomial_n5,Na_D,F,81,0.7283950617283951,0.7283950617283951,0.0,0.0,0.0,0.9718056388722256,4,11.0,0,0,1.0,0.002858554471871699,0.03630878209190426,5000,class_matched,bins,gp_interp
polynomial_n5__gp_interp,polynomial_n5,Na_D,G,230,0.14782608695652175,0.1391304347826087,-0.008695652173913049,-0.021834060549736023,0.0,0.052189562087582485,4,11.0,2,0,0.5,-0.0018838576577362262,0.027118505723858932,5000,class_matched,bins,gp_interp
polynomial_n5__gp_interp,polynomial_n5,Na_D,K,145,0.9241379310344827,0.9310344827586207,0.006896551724137945,0.0,0.022226369008421898,0.9656068786242752,4,11.0,0,1,1.0,2.5725250592651425e-05,0.02044826240227699,5000,class_matched,bins,gp_interp
polynomial_n5__gp_interp,polynomial_n5,Ca_I,F,81,0.7283950617283951,0.7283950617283951,0.0,0.0,0.0,0.9816036792641472,2,8.0,0,0,1.0,6.822008849930075e-05,0.03630878209190426,5000,class_matched,bins,gp_interp
polynomial_n5__gp_interp,polynomial_n5,Ca_I,G,230,0.14782608695652175,0.14782608695652175,0.0,0.0,0.0,0.8760247950409918,2,8.0,0,0,1.0,0.001507613305448618,0.012940465700466402,5000,class_matched,bins,gp_interp
polynomial_n5__gp_interp,polynomial_n5,Ca_I,K,145,0.9241379310344827,0.9172413793103448,-0.006896551724137945,-0.023081395775079727,0.0,0.05638872225554889,2,8.0,1,0,1.0,-0.0014435401473596298,0.03229696379917888,5000,class_matched,bins,gp_interp
polynomial_n5__gp_interp,polynomial_n5,Fe_Cr,F,81,0.7283950617283951,0.7283950617283951,0.0,0.0,0.0,0.8976204759048191,13,34.0,0,0,1.0,0.003228026180739476,0.03630878209190426,5000,class_matched,bins,gp_interp
polynomial_n5__gp_interp,polynomial_n5,Fe_Cr,G,230,0.14782608695652175,0.14782608695652175,0.0,-0.02155405655503273,0.022028867155313492,0.5482903419316136,13,34.0,3,3,1.0,-0.0029858789078088086,0.0333645907433757,5000,class_matched,bins,gp_interp
polynomial_n5__gp_interp,polynomial_n5,Fe_Cr,K,145,0.9241379310344827,0.9103448275862069,-0.013793103448275779,-0.03572070971131325,0.0,0.02539492101579684,13,34.0,2,0,0.5,-0.030305703044590633,0.04278054490656316,5000,class_matched,bins,gp_interp
polynomial_n5__constant,polynomial_n5,H_balmer,F,81,0.7283950617283951,0.0,-0.7283950617283951,-0.8243243098258972,-0.6285238265991211,0.0001999600079984003,29,80.0,59,0,3.469446951953614e-18,-0.4385384508866085,0.8084099401258875,5000,class_matched,bins,constant
polynomial_n5__constant,polynomial_n5,H_balmer,G,230,0.14782608695652175,0.0,-0.14782608695652175,-0.19522501528263092,-0.1041666641831398,0.0001999600079984003,29,80.0,34,0,1.1641532182693481e-10,-0.16224652625621458,0.19188933252521254,5000,class_matched,bins,constant
polynomial_n5__constant,polynomial_n5,H_balmer,K,145,0.9241379310344827,1.0,0.07586206896551728,0.03471623733639717,0.11764705926179886,1.0,29,80.0,0,11,0.0009765625,0.08721578828438475,0.02044826240227699,5000,class_matched,bins,constant
polynomial_n5__constant,polynomial_n5,Mg_b,F,81,0.7283950617283951,0.7407407407407407,0.012345679012345623,0.0,0.03847402706742287,0.9748050389922016,8,21.0,0,1,1.0,0.008779116755450185,0.03630878209190426,5000,class_matched,bins,constant
polynomial_n5__constant,polynomial_n5,Mg_b,G,230,0.14782608695652175,0.09130434782608696,-0.05652173913043479,-0.08962263911962509,-0.02510198764503002,0.0001999600079984003,8,21.0,14,1,0.0009765625,-0.05351565906314754,0.09352273326891025,5000,class_matched,bins,constant
polynomial_n5__constant,polynomial_n5,Mg_b,K,145,0.9241379310344827,0.8896551724137931,-0.03448275862068961,-0.06918893754482269,0.0,0.0001999600079984003,8,21.0,6,1,0.125,-0.040117421506308024,0.08003318231129397,5000,class_matched,bins,constant
polynomial_n5__constant,polynomial_n5,Na_D,F,81,0.7283950617283951,0.7407407407407407,0.012345679012345623,0.0,0.04302243888378143,0.99000199960008,4,11.0,0,1,1.0,0.005984722616220564,0.03630878209190426,5000,class_matched,bins,constant
polynomial_n5__constant,polynomial_n5,Na_D,G,230,0.14782608695652175,0.13478260869565217,-0.013043478260869573,-0.030042918398976326,0.0,0.022795440911817635,4,11.0,3,0,0.25,-0.00401815436413413,0.0333645907433757,5000,class_matched,bins,constant
polynomial_n5__constant,polynomial_n5,Na_D,K,145,0.9241379310344827,0.9310344827586207,0.006896551724137945,0.0,0.022226369008421898,0.9802039592081584,4,11.0,0,1,1.0,0.0017541245676059327,0.02044826240227699,5000,class_matched,bins,constant
polynomial_n5__constant,polynomial_n5,Ca_I,F,81,0.7283950617283951,0.7283950617283951,0.0,0.0,0.0,0.9716056788642271,2,8.0,0,0,1.0,6.632109552603385e-05,0.03630878209190426,5000,class_matched,bins,constant
polynomial_n5__constant,polynomial_n5,Ca_I,G,230,0.14782608695652175,0.14782608695652175,0.0,0.0,0.0,0.9382123575284943,2,8.0,0,0,1.0,0.001507613305448618,0.012940465700466402,5000,class_matched,bins,constant
polynomial_n5__constant,polynomial_n5,Ca_I,K,145,0.9241379310344827,0.9172413793103448,-0.006896551724137945,-0.023081395775079727,0.0,0.05538892221555689,2,8.0,1,0,1.0,-0.0014960387339317388,0.03229696379917888,5000,class_matched,bins,constant
polynomial_n5__constant,polynomial_n5,Fe_Cr,F,81,0.7283950617283951,0.7283950617283951,0.0,0.0,0.0,0.8308338332333534,13,34.0,0,0,1.0,0.003481655630632997,0.03630878209190426,5000,class_matched,bins,constant
polynomial_n5__constant,polynomial_n5,Fe_Cr,G,230,0.14782608695652175,0.1391304347826087,-0.008695652173913049,-0.027272727340459824,0.008474576286971569,0.22095580883823235,13,34.0,3,1,0.625,-0.0068452363959635495,0.0333645907433757,5000,class_matched,bins,constant
polynomial_n5__constant,polynomial_n5,Fe_Cr,K,145,0.9241379310344827,0.896551724137931,-0.027586206896551668,-0.057553958147764206,0.0,0.0001999600079984003,13,34.0,4,0,0.125,-0.029597314174035216,0.062012381343646,5000,class_matched,bins,constant
