line_set,set_species,window_index,window_lo_aa,window_hi_aa,width_aa,target_lines,n_bins,bin_indices,first_bin_center_aa,last_bin_center_aa,mean_bin_width_aa,n_gap_bins_in_window,blended_other_species_in_window,same_species_non_target_in_window,strong_lines_within_10aa_outside,set_total_width_aa,set_total_bins,dln_lambda_per_bin,resolving_power_per_bin,grid_bin_width_range_aa
H_balmer,H I,0,6542.8,6582.8,40.0,H I 6562.80 (H_alpha),12,620-631,6546.0576171875,6582.16015625,3.28204345703125,0,Fe I 6546.24; Ti I 6554.22; Ti I 6556.06; Fe I 6569.21; Ca I 6572.78; Fe I 6574.23,none,none,80.0,29,0.0005000004467561325,1999.9982129770665,2.40-3.40
H_balmer,H I,1,4841.3,4881.3,40.0,H I 4861.33 (H_beta),17,17-33,4842.169921875,4881.06298828125,2.430807674632353,0,Fe I 4859.74; Fe I 4871.32; Fe I 4872.14; Fe I 4878.21,none,Fe I 4890.76,80.0,29,0.0005000004467561325,1999.9982129770665,2.40-3.40
Mg_b,Mg I,0,5165.0,5186.0,21.0,Mg I 5167.32 (Mg_b1); Mg I 5172.68 (Mg_b2); Mg I 5183.60 (Mg_b3),8,147-154,5167.365234375,5185.48291015625,2.588226318359375,0,Fe I 5167.49; Fe I 5168.90; Fe II 5169.03; Fe I 5171.60; Ti I 5173.74,none,Fe I 5191.45; Fe I 5192.34,21.0,8,0.0005000004467561325,1999.9982129770665,2.40-3.40
Na_D,Na I,0,5887.0,5898.0,11.0,Na I 5889.95 (Na_D2); Na I 5895.92 (Na_D1),4,408-411,5887.685546875,5896.52392578125,2.946044921875,0,Ni I 5892.88,none,Fe I 5883.82; Fe I 5905.67,11.0,4,0.0005000004467561325,1999.9982129770665,2.40-3.40
Ca_I,Ca I,0,6160.0,6164.0,4.0,Ca I 6162.17 (Ca_I_6162),1,499,6161.76318359375,6161.76318359375,3.080810546875,0,Na I 6160.75,Ca I 6161.30; Ca I 6163.75,Na I 6154.23; Fe I 6165.36; Ca I 6166.44; Ca I 6169.04; Ca I 6169.56,8.0,2,0.0005000004467561325,1999.9982129770665,2.40-3.40
Ca_I,Ca I,1,6437.0,6441.0,4.0,Ca I 6439.08 (Ca_I_6439),1,587,6438.93408203125,6438.93408203125,3.219482421875,0,Eu II 6437.64,none,Fe I 6430.85; Fe II 6432.68; Fe I 6436.41; Ca I 6449.81,8.0,2,0.0005000004467561325,1999.9982129770665,2.40-3.40
Fe_Cr,Fe I/Cr I,0,5201.0,5215.0,14.0,Cr I 5206.04 (Cr_I_5206); Cr I 5208.42 (Cr_I_5208),6,160-165,5201.0625,5214.08154296875,2.6038004557291665,0,Y II 5205.73; Ti I 5210.39,Fe I 5202.34; Cr I 5204.51; Fe I 5204.58; Fe I 5208.59,Fe I 5191.45; Fe I 5192.34; Fe I 5215.18,34.0,13,0.0005000004467561325,1999.9982129770665,2.40-3.40
Fe_Cr,Fe I/Cr I,1,5264.0,5274.0,10.0,Fe I 5269.54 (Fe_I_5270),3,185-187,5266.48388671875,5271.75341796875,2.6346028645833335,0,Fe II 5264.81; Ca I 5265.56; Ca I 5270.27,Fe I 5266.56; Fe I 5270.36; Fe I 5273.17,Fe II 5276.00,34.0,13,0.0005000004467561325,1999.9982129770665,2.40-3.40
Fe_Cr,Fe I/Cr I,2,5340.0,5350.0,10.0,Cr I 5345.80 (Cr_I_5346),4,213-216,5340.7333984375,5348.75048828125,2.67236328125,0,Co I 5342.70,Fe I 5341.03; Cr I 5348.31,Fe I 5339.93; Fe I 5353.37,34.0,13,0.0005000004467561325,1999.9982129770665,2.40-3.40
