split,mk_class,n,n_dwarf,dwarf_fraction,median_logg,median_teff_k,median_feh
all,F,536,525,0.9794776119402985,4.010000228881836,6183.5,-0.20000000298023224
all,G,1534,1507,0.9823989569752282,4.230000019073486,5711.0,-0.10000000149011612
all,K,962,262,0.27234927234927236,2.680000066757202,4844.0,-0.15000000596046448
train,F,375,367,0.9786666666666667,4.0,6185.0,-0.1899999976158142
train,G,1074,1051,0.978584729981378,4.230000019073486,5705.0,-0.11999999731779099
train,K,673,190,0.2823179791976226,2.680000066757202,4854.0,-0.14000000059604645
val,F,80,80,1.0,4.039999961853027,6156.5,-0.22999999672174454
val,G,230,227,0.9869565217391304,4.230000019073486,5721.5,-0.10000000149011612
val,K,144,34,0.2361111111111111,2.665000081062317,4847.0,-0.23999999463558197
test,F,81,78,0.9629629629629629,4.010000228881836,6180.0,-0.2199999988079071
test,G,230,229,0.9956521739130435,4.230000019073486,5735.0,-0.03999999910593033
test,K,145,38,0.2620689655172414,2.6600000858306885,4814.0,-0.12999999523162842
