line_set,mk_class,n_test,baseline_acc,masked_acc_mean,delta_acc_mean,delta_acc_ci_low,delta_acc_ci_high,p_value_vs_random
H_balmer,F,48,0.9375,0,-0.9375,-1,-0.860221,0.00199601
H_balmer,G,158,0.993671,0.639241,-0.35443,-0.43092,-0.285653,0.00199601
H_balmer,K,121,0.991736,0.966942,-0.0247934,-0.0622699,0.00949107,0.00199601
Mg_b,F,48,0.9375,0.958333,0.0208333,0,0.0708333,1
Mg_b,G,158,0.993671,0.879747,-0.113924,-0.164663,-0.0660567,0.00199601
Mg_b,K,121,0.991736,0.991736,0,0,0,0.982036
Na_D,F,48,0.9375,0.9375,0,0,0,0.996008
Na_D,G,158,0.993671,0.993671,0,0,0,0.996008
Na_D,K,121,0.991736,0.991736,0,0,0,0.996008
Ca_I,F,48,0.9375,0.9375,0,0,0,0.994012
Ca_I,G,158,0.993671,0.993671,0,0,0,0.994012
Ca_I,K,121,0.991736,0.991736,0,0,0,0.994012
